新增日期,Domain,操作入口URL,外链形式,获取方式,DR,最近验证,备注
2026-09-01,aiproductshunt.com,https://aiproductshunt.com,Follow 外链,免费,,2026-09-01,入口页有免费措辞且无付费信号；样例公开页可索引；样例页 2 条外部链接全部为 Follow
2026-09-01,ariusai.com,https://ariusai.com/products/,Follow 外链,免费,,2026-09-01,入口页有免费措辞且无付费信号；样例公开页可索引；样例页 9 条外部链接全部为 Follow
2026-09-01,edmontonhomesales.ca,https://edmontonhomesales.ca/blog/,Follow 外链,免费,,2026-09-01,入口页有免费措辞且无付费信号；样例公开页可索引；样例页 11 条外部链接全部为 Follow
2026-09-01,fazier.com,https://fazier.com/launches/fatemaster,Follow 外链,免费,,2026-09-01,入口页有免费措辞且无付费信号；样例公开页可索引；样例页 80 条外部链接全部为 Follow
2026-09-01,mrrwars.com,https://mrrwars.com/claim,Follow 外链,免费,,2026-09-01,入口页有免费措辞且无付费信号；样例公开页可索引；样例页 5 条外部链接全部为 Follow
2026-09-01,peerlist.io,https://peerlist.io/,Follow 外链,免费,,2026-09-01,入口页有免费措辞且无付费信号；样例公开页可索引；样例页 3 条外部链接全部为 Follow
2026-09-01,project-awesome.org,https://project-awesome.org/r/frontend-dev-bookmarks,Follow 外链,免费,,2026-09-01,入口页有免费措辞且无付费信号；样例公开页可索引；样例页 118 条外部链接全部为 Follow
2026-09-01,realaiexamples.com,https://realaiexamples.com/tools,Follow 外链,免费,,2026-09-01,入口页有免费措辞且无付费信号；样例公开页可索引；样例页 2 条外部链接全部为 Follow
2026-09-01,saleswise.ai,https://www.saleswise.ai/submit,Follow 外链,免费,,2026-09-01,入口页有免费措辞且无付费信号；样例公开页可索引；样例页 6 条外部链接全部为 Follow
2026-09-01,seogant.ai,https://seogant.ai/accounts/login/?context=founder&next=%2Fsubmit%2Ftool%2F,Follow 外链,免费,,2026-09-01,入口页有免费措辞且无付费信号；样例公开页可索引；样例页 5 条外部链接全部为 Follow
2026-09-01,thecloudherald.com,https://www.thecloudherald.com/2025/03/guest-posting-promote-your-business-online.html,Follow 外链,免费,,2026-09-01,入口页有免费措辞且无付费信号；样例公开页可索引；样例页 5 条外部链接全部为 Follow
2026-09-01,thehackstack.com,https://thehackstack.com/,Follow 外链,免费,,2026-09-01,入口页有免费措辞且无付费信号；样例公开页可索引；样例页 5 条外部链接全部为 Follow
2026-09-01,ubi-interactive.com,https://www.ubi-interactive.com/category/latest-news/,Follow 外链,免费,,2026-09-01,入口页有免费措辞且无付费信号；样例公开页可索引；样例页 4 条外部链接全部为 Follow
2026-09-01,usecasesforagents.com,https://usecasesforagents.com/submit/,Follow 外链,免费,,2026-09-01,入口页有免费措辞且无付费信号；样例公开页可索引；样例页 23 条外部链接全部为 Follow
